[
    {
        "id": 1,
        "title": "Mr",
        "firstname": "Anthony",
        "lastname": "Di Persio",
        "dateOfBirth": "1998-01-01T00:00:00.000Z",
        "urlImg": "/img/s7dl0u.png",
        "created": "2019-06-20T16:54:46.308Z",
        "updated": "2022-11-30T12:47:23.555Z",
        "phone": "+33 6 45 34 23 00",
        "email": "anthony@utopios.net"
    },
    {
        "id": 2,
        "title": "Mme",
        "firstname": "Marine",
        "lastname": "Abadi",
        "dateOfBirth": "05/11/1997",
        "urlImg": "/img/inconnu.jpg",
        "created": "2019-06-20T16:54:46.308Z",
        "updated": " ",
        "phone": "+33 6 87 34 17 86",
        "email": "marine@utopios.net"
    },
    {
        "id": 3,
        "title": "Mrs",
        "firstname": "Brenda",
        "lastname": "Pitt",
        "dateOfBirth": "2022-11-05T00:00:00.000Z",
        "urlImg": "/img/vsf7em.jpg",
        "created": "2022-11-30T10:27:26.551Z",
        "updated": "2022-11-30T12:46:52.796Z",
        "phone": "+33 6 41 52 63 00",
        "email": "test@test.fra"
    },
    {
        "id": 4,
        "title": "Mr",
        "firstname": "Brad",
        "lastname": "Pitt",
        "dateOfBirth": "1963-12-18T00:00:00.000Z",
        "urlImg": "/img/vupbf.jpg",
        "created": "2022-11-30T11:08:04.602Z",
        "updated": " ",
        "phone": "+33 6 41 52 63 99",
        "email": "test@test.fr"
    }
]