[
    {
        "id": 1,
        "title": "Mr",
        "firstname": "Di Persio",
        "lastname": "Anthony",
        "dateOfBirth": "06/20/1998",
        "urlImg":" ",
        "created": "2019-06-20T16:54:46.308Z",
        "updated": " ",
        "phone": "+33 6 45 34 23 12",
        "email": "anthony@utopios.net"
    },
    {
        "id": 2,
        "title": "Mme",
        "firstname": "Abadi",
        "lastname": "Marine",
        "dateOfBirth": "05/11/1997",
        "urlImg":" ",
        "created": "2019-06-20T16:54:46.308Z",
        "updated": " ",
        "phone": "+33 6 87 34 17 86",
        "email": "marine@utopios.net"
    }
]